{"_timestamp":1.778605837078442e+09,"_step":49,"train_loss":1.7342224686226853e-05,"_wandb":{"runtime":1},"_runtime":1,"eval_loss":0.06755250444014867,"train_accuracy":1,"eval_accuracy":0.9722222222222222}