{"train_loss":0.1305733443134361,"eval_loss":0.09843286126852036,"train_accuracy":0.971830985915493,"eval_accuracy":1,"_wandb":{"runtime":2},"_runtime":2,"_timestamp":1.7786058301005585e+09,"_step":49}